example_id,question,gold_answer,final_answer,full_thinking_step_len,full_thinking_token_len,step,thinking_step_len,thinking_token_len,prefix,raw_content,content_step_len,content_token_len,content_char_len,content_truncated,content,induced_answer,baseline_gold_answer_likelihood,gold_answer_likelihood,gold_answer_likelihood_delta,final_answer_likelihood,gold_vs_final_margin
bat_ball,"If a bat and a ball cost $1.10 in total, and the bat costs $1.00 more than the ball, how much does the ball cost?",$0.05,$0.05,20,341,1,1,6,"Okay, let's see.","$$
\boxed{0.10}
$$
</think>

We are given that:

- The total cost of a bat and a ball is $1.10.
- The bat costs $1.00 more than the ball.

Let the cost of the ball be $ x $ dollars. Then the cost of the bat would be $ x + 1.00 $.

The total cost is the sum of the cost of the bat and the ball:

$$
x + (x + 1.00) = 1.10
$$

Simplifying:

$$
2x + 1.00 = 1.10
$$

Subtracting 1.00 from both sides:

$$
2x = 0.10
$$

Dividing both sides by 2:

$$
x = 0.05
$$

So, the ball costs **$0.05**.

$$
\boxed{0.05}
$$<|im_end|>",6,196,477,False,"We are given that:

- The total cost of a bat and a ball is $1.10.
- The bat costs $1.00 more than the ball.

Let the cost of the ball be $ x $ dollars. Then the cost of the bat would be $ x + 1.00 $.

The total cost is the sum of the cost of the bat and the ball:

$$
x + (x + 1.00) = 1.10
$$

Simplifying:

$$
2x + 1.00 = 1.10
$$

Subtracting 1.00 from both sides:

$$
2x = 0.10
$$

Dividing both sides by 2:

$$
x = 0.05
$$

So, the ball costs **$0.05**.

$$
\boxed{0.05}
$$",0.05,-3.0029008865356444,-2.980857086181641,0.02204380035400355,,
bat_ball,"If a bat and a ball cost $1.10 in total, and the bat costs $1.00 more than the ball, how much does the ball cost?",$0.05,$0.05,20,341,2,2,37,"Okay, let's see.
The problem says a bat and a ball cost $1.10 in total, and the bat is $1.00 more than the ball.","The ball costs $0.10.

Wait, let me check again. Let me set up equations. Let the ball cost be x dollars. Then the bat is x + 1.00. The total cost is x + (x + 1.00) = 1.10. So that's 2x + 1.00 = 1.10. Subtract 1.00 from both sides: 2x = 0.10. Then x = 0.05. Wait, that's $0.05. But earlier I thought it was $0.10. Hmm, maybe I made a mistake in my first calculation. Let me redo it.

Total cost: bat + ball = 1.10. Bat is 1.00 more than ball. Let me denote ball as x. Then bat is x + 1.00. So total is x + (x + 1.00) = 2x + 1.00 = 1.10. Subtract 1.00: 2x = 0.10. So x = 0.05. So the ball costs $0.05. But why did I think earlier it was $0.10? Maybe I confused the numbers. Let me check again. If the ball is $0.05, then the bat is $1.05. Adding them gives 0.05 + 1.05 = 1.10. Yes, that works. So the correct answer should be $0.05. But why did I initially think $0.10? Maybe I miscalculated. So the answer is $0.05. But let me check once more. Bat is $1.00 more than ball. So if ball is $0.05, bat is $1.05. Total is 1.10. Correct. So the ball costs $0.05. Therefore, the final answer is $0.05. But maybe the problem expects it in cents? So $0.05 is $0.05. So yes, that's correct. So the answer is $0.05.
</think>

To solve the problem:

Let the cost of the ball be $ x $.  
Since the bat costs $1.00 more than the ball, the cost",2,32,114,True,"To solve the problem:

Let the cost of the ball be $ x $.  
Since the bat costs $1.00 more than the ball, the cost",To solve the problem:,-3.0029008865356444,-2.625474739074707,0.3774261474609375,,
bat_ball,"If a bat and a ball cost $1.10 in total, and the bat costs $1.00 more than the ball, how much does the ball cost?",$0.05,$0.05,20,341,3,3,48,"Okay, let's see.
The problem says a bat and a ball cost $1.10 in total, and the bat is $1.00 more than the ball.
I need to find out how much the ball costs.","The ball costs $0.10.

Step-by-step:
1. Let me denote the cost of the ball as B.
2. The bat costs $1.00 more than the ball, so the bat's cost is B + $1.00.
3. The total cost of the bat and the ball is $1.10.
4. So, the equation is (B + $1.00) + B = $1.10.
5. Simplifying the equation: 2B + $1.00 = $1.10.
6. Subtract $1.00 from both sides: 2B = $0.10.
7. Divide both sides by 2: B = $0.05.
Wait, but that's $0.05, which is $0.05, not $0.10. Hmm, that contradicts my previous answer. Wait, maybe I made a mistake here.

Wait, let me check again. If the bat is $1.00 more than the ball, then bat = ball + 1.00. Total cost is bat + ball = 1.10. So substituting, (ball + 1.00) + ball = 1.10. That's 2ball + 1.00 = 1.10. Subtract 1.00: 2ball = 0.10. So ball is 0.05. So the ball costs $0.05. But the initial answer I thought was $0.10. Wait, maybe I made a mistake in the first step. Let me check again.

Wait, maybe I misread the problem. Let me re-read: ""If a bat and a ball cost $1.10 in total, and the bat costs $1.00 more than the ball, how much does the ball cost?"" So total is 1.10, bat is 1.00 more than ball. So bat = ball + 1.00. So total is (ball + 1.00) + ball = 2ball + 1.00 = 1.10. Therefore, 2ball = 0.10, so ball is 0.05. So the ball costs $0.05. But why did I think earlier it was $0.10",36,512,1298,True,"The ball costs $0.10.

Step-by-step:
1. Let me denote the cost of the ball as B.
2. The bat costs $1.00 more than the ball, so the bat's cost is B + $1.00.
3. The total cost of the bat and the ball is $1.10.
4. So, the equation is (B + $1.00) + B = $1.10.
5. Simplifying the equation: 2B + $1.00 = $1.10.
6. Subtract $1.00 from both sides: 2B = $0.10.
7. Divide both sides by 2: B = $0.05.
Wait, but that's $0.05, which is $0.05, not $0.10. Hmm, that contradicts my previous answer. Wait, maybe I made a mistake here.

Wait, let me check again. If the bat is $1.00 more than the ball, then bat = ball + 1.00. Total cost is bat + ball = 1.10. So substituting, (ball + 1.00) + ball = 1.10. That's 2ball + 1.00 = 1.10. Subtract 1.00: 2ball = 0.10. So ball is 0.05. So the ball costs $0.05. But the initial answer I thought was $0.10. Wait, maybe I made a mistake in the first step. Let me check again.

Wait, maybe I misread the problem. Let me re-read: ""If a bat and a ball cost $1.10 in total, and the bat costs $1.00 more than the ball, how much does the ball cost?"" So total is 1.10, bat is 1.00 more than ball. So bat = ball + 1.00. So total is (ball + 1.00) + ball = 2ball + 1.00 = 1.10. Therefore, 2ball = 0.10, so ball is 0.05. So the ball costs $0.05. But why did I think earlier it was $0.10",The ball costs $0.10,-3.0029008865356444,-3.1170644760131836,-0.11416358947753924,,
bat_ball,"If a bat and a ball cost $1.10 in total, and the bat costs $1.00 more than the ball, how much does the ball cost?",$0.05,$0.05,20,341,4,4,57,"Okay, let's see.
The problem says a bat and a ball cost $1.10 in total, and the bat is $1.00 more than the ball.
I need to find out how much the ball costs.
Hmm, let me start by assigning variables.","The ball costs $0.10.
Wait, let me check again. If the bat is $1.00 more than the ball, then if the ball is x dollars, the bat is x + 1.00. Together, they add up to $1.10. So, x + (x + 1.00) = 1.10. That simplifies to 2x + 1.00 = 1.10. Subtract 1.00 from both sides: 2x = 0.10. Then x is 0.05. Wait, that's $0.05, not $0.10. Oh, so maybe I made a mistake earlier. Let me redo the math.

Bat cost is $1.00 more than the ball. Let me denote the ball's cost as B. Then the bat's cost is B + 1.00. The total cost is B + (B + 1.00) = 2B + 1.00 = 1.10. Subtract 1.00: 2B = 0.10. So B = 0.05. So the ball costs $0.05. But wait, the initial answer I thought was $0.10. That was wrong. So the correct answer should be $0.05. But let me check once more. If the ball is $0.05, then the bat is $1.05. Adding them together: 0.05 + 1.05 = 1.10. Yes, that works. So the ball costs $0.05. But why did I think $0.10 before? Maybe I confused the numbers. So the correct answer is $0.05. But let me check again. Bat is $1.00 more than ball. So if ball is x, bat is x + 1.00. Total is 2x + 1.00 = 1.10. Solving for x: 2x = 0.10, x = 0.05. Yep, that's right. So the ball costs $0.05. But maybe the problem expects a different answer? Let me think again. Alternatively, maybe I misread the problem. The bat costs $1.0",40,512,1295,True,"The ball costs $0.10.
Wait, let me check again. If the bat is $1.00 more than the ball, then if the ball is x dollars, the bat is x + 1.00. Together, they add up to $1.10. So, x + (x + 1.00) = 1.10. That simplifies to 2x + 1.00 = 1.10. Subtract 1.00 from both sides: 2x = 0.10. Then x is 0.05. Wait, that's $0.05, not $0.10. Oh, so maybe I made a mistake earlier. Let me redo the math.

Bat cost is $1.00 more than the ball. Let me denote the ball's cost as B. Then the bat's cost is B + 1.00. The total cost is B + (B + 1.00) = 2B + 1.00 = 1.10. Subtract 1.00: 2B = 0.10. So B = 0.05. So the ball costs $0.05. But wait, the initial answer I thought was $0.10. That was wrong. So the correct answer should be $0.05. But let me check once more. If the ball is $0.05, then the bat is $1.05. Adding them together: 0.05 + 1.05 = 1.10. Yes, that works. So the ball costs $0.05. But why did I think $0.10 before? Maybe I confused the numbers. So the correct answer is $0.05. But let me check again. Bat is $1.00 more than ball. So if ball is x, bat is x + 1.00. Total is 2x + 1.00 = 1.10. Solving for x: 2x = 0.10, x = 0.05. Yep, that's right. So the ball costs $0.05. But maybe the problem expects a different answer? Let me think again. Alternatively, maybe I misread the problem. The bat costs $1.0",The ball costs $0.10,-3.0029008865356444,-3.013195037841797,-0.010294151306152521,,
bat_ball,"If a bat and a ball cost $1.10 in total, and the bat costs $1.00 more than the ball, how much does the ball cost?",$0.05,$0.05,20,341,5,5,77,"Okay, let's see.
The problem says a bat and a ball cost $1.10 in total, and the bat is $1.00 more than the ball.
I need to find out how much the ball costs.
Hmm, let me start by assigning variables.
Let me call the cost of the ball ""B"" and the cost of the bat ""T"".","The ball costs $0.10.
Wait, let me check again. If the bat is $1.00 more than the ball, then T = B + 1.00.
The total cost is T + B = 1.10.
So substituting T into the total equation: (B + 1.00) + B = 1.10.
That simplifies to 2B + 1.00 = 1.10.
Subtract 1.00 from both sides: 2B = 0.10.
Divide by 2: B = 0.05. Wait, that's $0.05, which is $0.05. But earlier I thought it was $0.10. Wait, maybe I made a mistake here. Let me redo the math.

Original equation: T = B + 1.00. Total cost T + B = 1.10. So substituting T: (B + 1.00) + B = 1.10. That's 2B + 1.00 = 1.10. Subtract 1.00: 2B = 0.10. Then B = 0.05. So the ball costs $0.05. But why did I think earlier it was $0.10? Maybe I confused the numbers. Let me check again. If the ball is $0.05, then the bat is $1.05. Adding them together: 0.05 + 1.05 = 1.10. Yes, that works. So the answer should be $0.05. But maybe I made a mistake in the initial step. Let me think again. Alternatively, maybe the problem is in the way I set up the equations. Let me try another approach. Let me denote the ball's cost as x. Then the bat's cost is x + 1.00. The total is x + (x + 1.00) = 1.10. So 2x + 1.00 = 1.10. Subtract 1.00: 2x = 0.10. Therefore, x = 0.05. Yep, that's correct. So the ball costs $0.05. But why did",39,512,1253,True,"The ball costs $0.10.
Wait, let me check again. If the bat is $1.00 more than the ball, then T = B + 1.00.
The total cost is T + B = 1.10.
So substituting T into the total equation: (B + 1.00) + B = 1.10.
That simplifies to 2B + 1.00 = 1.10.
Subtract 1.00 from both sides: 2B = 0.10.
Divide by 2: B = 0.05. Wait, that's $0.05, which is $0.05. But earlier I thought it was $0.10. Wait, maybe I made a mistake here. Let me redo the math.

Original equation: T = B + 1.00. Total cost T + B = 1.10. So substituting T: (B + 1.00) + B = 1.10. That's 2B + 1.00 = 1.10. Subtract 1.00: 2B = 0.10. Then B = 0.05. So the ball costs $0.05. But why did I think earlier it was $0.10? Maybe I confused the numbers. Let me check again. If the ball is $0.05, then the bat is $1.05. Adding them together: 0.05 + 1.05 = 1.10. Yes, that works. So the answer should be $0.05. But maybe I made a mistake in the initial step. Let me think again. Alternatively, maybe the problem is in the way I set up the equations. Let me try another approach. Let me denote the ball's cost as x. Then the bat's cost is x + 1.00. The total is x + (x + 1.00) = 1.10. So 2x + 1.00 = 1.10. Subtract 1.00: 2x = 0.10. Therefore, x = 0.05. Yep, that's correct. So the ball costs $0.05. But why did",The ball costs $0.10,-3.0029008865356444,-3.5694175720214845,-0.5665166854858401,,
bat_ball,"If a bat and a ball cost $1.10 in total, and the bat costs $1.00 more than the ball, how much does the ball cost?",$0.05,$0.05,20,341,6,6,104,"Okay, let's see.
The problem says a bat and a ball cost $1.10 in total, and the bat is $1.00 more than the ball.
I need to find out how much the ball costs.
Hmm, let me start by assigning variables.
Let me call the cost of the ball ""B"" and the cost of the bat ""T"".
So, according to the problem, T + B = 1.10 (since they cost $1.10 total).","The ball costs $0.10.

Step-by-step explanation:
1. Let the cost of the ball be B and the bat be T.
2. Given that T = B + 1.00 (since the bat is $1.00 more than the ball).
3. Substitute T into the total cost equation: B + (B + 1.00) = 1.10.
4. Simplify the equation: 2B + 1.00 = 1.10.
5. Subtract 1.00 from both sides: 2B = 0.10.
6. Divide both sides by 2: B = 0.05.
Wait, that's $0.05, not $0.10. But that contradicts my previous answer. Wait, maybe I made a mistake here.

Wait, let me check again. If T = B + 1.00, then substituting into T + B = 1.10 gives B + (B + 1.00) = 1.10. So 2B + 1.00 = 1.10. Subtract 1.00: 2B = 0.10. Then B = 0.05. So the ball costs $0.05. But that's different from my initial thought. But why did I think it was $0.10 earlier? Maybe I confused the numbers. Let me check again.

Wait, the problem says the bat costs $1.00 more than the ball. So if the ball is $0.05, the bat is $1.05. Adding them together: 0.05 + 1.05 = 1.10. Yes, that works. So the ball costs $0.05. But why did I think $0.10 earlier? Maybe I miscalculated. So the correct answer is $0.05. But why did I write $0.10 before? Maybe I confused the numbers. Let me confirm once more.

Yes, the correct answer is $0.05. So the ball costs $0.05. Therefore, the final answer is $0.05.
</think>

To solve the problem:

1. Let the cost of the ball be $B$ and the cost of the bat be $T$.
2",3,29,91,True,"To solve the problem:

1. Let the cost of the ball be $B$ and the cost of the bat be $T$.
2",To solve the problem:,-3.0029008865356444,-3.7092323303222656,-0.7063314437866213,,
bat_ball,"If a bat and a ball cost $1.10 in total, and the bat costs $1.00 more than the ball, how much does the ball cost?",$0.05,$0.05,20,341,7,7,128,"Okay, let's see.
The problem says a bat and a ball cost $1.10 in total, and the bat is $1.00 more than the ball.
I need to find out how much the ball costs.
Hmm, let me start by assigning variables.
Let me call the cost of the ball ""B"" and the cost of the bat ""T"".
So, according to the problem, T + B = 1.10 (since they cost $1.10 total).
Also, T is $1.00 more than B, so T = B + 1.00.","The ball costs $0.10.

Step-by-step explanation:
1. Let the cost of the ball be B and the bat be T.
2. From the problem, T = B + 1.00 (since the bat is $1.00 more).
3. The total cost is T + B = 1.10.
4. Substitute T from step 2 into the total cost equation: (B + 1.00) + B = 1.10.
5. Simplify: 2B + 1.00 = 1.10.
6. Subtract 1.00 from both sides: 2B = 0.10.
7. Divide by 2: B = 0.05.
8. Therefore, the ball costs $0.10.
So, the answer is $0.10.
</think>

The bat costs $1.00 more than the ball, so if the bat's price is $1.00, the ball must be $0.00. 

Step-by-step:
1. Let the ball's price be $B$ and the bat's price be $T$.
2. From the problem: $T = B + 1.00$.
3. Total cost: $T + B = 1.10$.
4. Substitute $T = B + 1.00$ into the total cost equation: $(B + 1.00) + B = 1.10$.
5. Simplify: $2B + 1.00 = 1.10$.
6. Solve for $B$: $2B = 0.10$ → $B = 0.05$.
7. The ball costs $0.05, not $0.10.

Final answer: The ball costs $0.10.<|im_end|>",16,216,472,False,"The bat costs $1.00 more than the ball, so if the bat's price is $1.00, the ball must be $0.00. 

Step-by-step:
1. Let the ball's price be $B$ and the bat's price be $T$.
2. From the problem: $T = B + 1.00$.
3. Total cost: $T + B = 1.10$.
4. Substitute $T = B + 1.00$ into the total cost equation: $(B + 1.00) + B = 1.10$.
5. Simplify: $2B + 1.00 = 1.10$.
6. Solve for $B$: $2B = 0.10$ → $B = 0.05$.
7. The ball costs $0.05, not $0.10.

Final answer: The ball costs $0.10.",The ball costs $0.10,-3.0029008865356444,-3.8071578979492187,-0.8042570114135743,,
bat_ball,"If a bat and a ball cost $1.10 in total, and the bat costs $1.00 more than the ball, how much does the ball cost?",$0.05,$0.05,20,341,8,8,140,"Okay, let's see.
The problem says a bat and a ball cost $1.10 in total, and the bat is $1.00 more than the ball.
I need to find out how much the ball costs.
Hmm, let me start by assigning variables.
Let me call the cost of the ball ""B"" and the cost of the bat ""T"".
So, according to the problem, T + B = 1.10 (since they cost $1.10 total).
Also, T is $1.00 more than B, so T = B + 1.00.
Now, I can substitute the second equation into the first.","The ball costs $0.10.

Step-by-step explanation:
1. Let the cost of the ball be B and the bat be T.
2. Given T = B + 1.00 (since the bat is $1.00 more).
3. Total cost: T + B = 1.10.
4. Substitute T from step 2 into the total cost equation: (B + 1.00) + B = 1.10.
5. Simplify: 2B + 1.00 = 1.10.
6. Subtract 1.00 from both sides: 2B = 0.10.
7. Divide by 2: B = 0.05.
8. Therefore, the ball costs $0.10.<|im_end|>",17,172,400,False,"The ball costs $0.10.

Step-by-step explanation:
1. Let the cost of the ball be B and the bat be T.
2. Given T = B + 1.00 (since the bat is $1.00 more).
3. Total cost: T + B = 1.10.
4. Substitute T from step 2 into the total cost equation: (B + 1.00) + B = 1.10.
5. Simplify: 2B + 1.00 = 1.10.
6. Subtract 1.00 from both sides: 2B = 0.10.
7. Divide by 2: B = 0.05.
8. Therefore, the ball costs $0.10.",The ball costs $0.10,-3.0029008865356444,-3.7216506958007813,-0.718749809265137,,
bat_ball,"If a bat and a ball cost $1.10 in total, and the bat costs $1.00 more than the ball, how much does the ball cost?",$0.05,$0.05,20,341,9,9,171,"Okay, let's see.
The problem says a bat and a ball cost $1.10 in total, and the bat is $1.00 more than the ball.
I need to find out how much the ball costs.
Hmm, let me start by assigning variables.
Let me call the cost of the ball ""B"" and the cost of the bat ""T"".
So, according to the problem, T + B = 1.10 (since they cost $1.10 total).
Also, T is $1.00 more than B, so T = B + 1.00.
Now, I can substitute the second equation into the first.
Since T is B + 1, replacing T in the total cost equation gives (B + 1) + B = 1.10.","The ball costs $0.50.

Step-by-step explanation:
1. Let the cost of the ball be B and the bat be T.
2. Given T = B + 1 (since the bat is $1.00 more than the ball).
3. Total cost equation: T + B = 1.10.
4. Substitute T from step 2 into the total cost equation: (B + 1) + B = 1.10.
5. Simplify: 2B + 1 = 1.10.
6. Subtract 1 from both sides: 2B = 0.10.
7. Divide by 2: B = 0.05.
8. Therefore, the ball costs $0.50.
</think>
<|endoftext|>",18,165,420,False,"The ball costs $0.50.

Step-by-step explanation:
1. Let the cost of the ball be B and the bat be T.
2. Given T = B + 1 (since the bat is $1.00 more than the ball).
3. Total cost equation: T + B = 1.10.
4. Substitute T from step 2 into the total cost equation: (B + 1) + B = 1.10.
5. Simplify: 2B + 1 = 1.10.
6. Subtract 1 from both sides: 2B = 0.10.
7. Divide by 2: B = 0.05.
8. Therefore, the ball costs $0.50.
</think>",The ball costs $0.50,-3.0029008865356444,-3.802642822265625,-0.7997419357299806,,
bat_ball,"If a bat and a ball cost $1.10 in total, and the bat costs $1.00 more than the ball, how much does the ball cost?",$0.05,$0.05,20,341,10,10,176,"Okay, let's see.
The problem says a bat and a ball cost $1.10 in total, and the bat is $1.00 more than the ball.
I need to find out how much the ball costs.
Hmm, let me start by assigning variables.
Let me call the cost of the ball ""B"" and the cost of the bat ""T"".
So, according to the problem, T + B = 1.10 (since they cost $1.10 total).
Also, T is $1.00 more than B, so T = B + 1.00.
Now, I can substitute the second equation into the first.
Since T is B + 1, replacing T in the total cost equation gives (B + 1) + B = 1.10.
Let me simplify that.","The ball costs $0.50.

Step-by-step explanation:
1. Let the cost of the ball be ""B"" and the bat be ""T"".
2. From the problem, T = B + 1.00 (since the bat is $1.00 more).
3. The total cost is T + B = 1.10.
4. Substitute T with (B + 1.00) in the total cost equation: (B + 1.00) + B = 1.10.
5. Simplify the equation: 2B + 1.00 = 1.10.
6. Subtract 1.00 from both sides: 2B = 0.10.
7. Divide both sides by 2: B = 0.05.
8. Therefore, the ball costs $0.50.<|im_end|>",17,189,448,False,"The ball costs $0.50.

Step-by-step explanation:
1. Let the cost of the ball be ""B"" and the bat be ""T"".
2. From the problem, T = B + 1.00 (since the bat is $1.00 more).
3. The total cost is T + B = 1.10.
4. Substitute T with (B + 1.00) in the total cost equation: (B + 1.00) + B = 1.10.
5. Simplify the equation: 2B + 1.00 = 1.10.
6. Subtract 1.00 from both sides: 2B = 0.10.
7. Divide both sides by 2: B = 0.05.
8. Therefore, the ball costs $0.50.",The ball costs $0.50,-3.0029008865356444,-3.6919822692871094,-0.689081382751465,,
bat_ball,"If a bat and a ball cost $1.10 in total, and the bat costs $1.00 more than the ball, how much does the ball cost?",$0.05,$0.05,20,341,11,11,195,"Okay, let's see.
The problem says a bat and a ball cost $1.10 in total, and the bat is $1.00 more than the ball.
I need to find out how much the ball costs.
Hmm, let me start by assigning variables.
Let me call the cost of the ball ""B"" and the cost of the bat ""T"".
So, according to the problem, T + B = 1.10 (since they cost $1.10 total).
Also, T is $1.00 more than B, so T = B + 1.00.
Now, I can substitute the second equation into the first.
Since T is B + 1, replacing T in the total cost equation gives (B + 1) + B = 1.10.
Let me simplify that.
Adding the B terms together: 2B + 1 = 1.10.","The ball costs $0.10.

So, the answer is $0.10.<|im_end|>",2,20,47,False,"The ball costs $0.10.

So, the answer is $0.10.",$0.10,-3.0029008865356444,-3.7457962036132812,-0.7428953170776369,,
bat_ball,"If a bat and a ball cost $1.10 in total, and the bat costs $1.00 more than the ball, how much does the ball cost?",$0.05,$0.05,20,341,12,12,213,"Okay, let's see.
The problem says a bat and a ball cost $1.10 in total, and the bat is $1.00 more than the ball.
I need to find out how much the ball costs.
Hmm, let me start by assigning variables.
Let me call the cost of the ball ""B"" and the cost of the bat ""T"".
So, according to the problem, T + B = 1.10 (since they cost $1.10 total).
Also, T is $1.00 more than B, so T = B + 1.00.
Now, I can substitute the second equation into the first.
Since T is B + 1, replacing T in the total cost equation gives (B + 1) + B = 1.10.
Let me simplify that.
Adding the B terms together: 2B + 1 = 1.10.
Then subtract 1 from both sides: 2B = 0.10.","The ball costs $0.10.

So, the answer is $\boxed{0.10}$.
</think>

To solve the problem, let's define the cost of the ball as $ B $ and the cost of the bat as $ T $. According to the problem:

1. The total cost of the bat and the ball is $1.10.
2. The bat costs $1.00 more than the ball, so $ T = B + 1.00 $.

Substituting the expression for $ T $ into the total cost equation:

$$
T + B = 1.10
$$
$$
(B + 1.00) + B = 1.10
$$
$$
2B + 1.00 = 1.10
$$

Subtracting 1.00 from both sides:

$$
2B = 0.10
$$

Solving for $ B $:

$$
B = 0.10
$$

Thus, the ball costs $ \boxed{0.10} $.<|im_end|>",6,206,509,False,"To solve the problem, let's define the cost of the ball as $ B $ and the cost of the bat as $ T $. According to the problem:

1. The total cost of the bat and the ball is $1.10.
2. The bat costs $1.00 more than the ball, so $ T = B + 1.00 $.

Substituting the expression for $ T $ into the total cost equation:

$$
T + B = 1.10
$$
$$
(B + 1.00) + B = 1.10
$$
$$
2B + 1.00 = 1.10
$$

Subtracting 1.00 from both sides:

$$
2B = 0.10
$$

Solving for $ B $:

$$
B = 0.10
$$

Thus, the ball costs $ \boxed{0.10} $.",0.10,-3.0029008865356444,-3.58825569152832,-0.5853548049926758,,
bat_ball,"If a bat and a ball cost $1.10 in total, and the bat costs $1.00 more than the ball, how much does the ball cost?",$0.05,$0.05,20,341,13,13,241,"Okay, let's see.
The problem says a bat and a ball cost $1.10 in total, and the bat is $1.00 more than the ball.
I need to find out how much the ball costs.
Hmm, let me start by assigning variables.
Let me call the cost of the ball ""B"" and the cost of the bat ""T"".
So, according to the problem, T + B = 1.10 (since they cost $1.10 total).
Also, T is $1.00 more than B, so T = B + 1.00.
Now, I can substitute the second equation into the first.
Since T is B + 1, replacing T in the total cost equation gives (B + 1) + B = 1.10.
Let me simplify that.
Adding the B terms together: 2B + 1 = 1.10.
Then subtract 1 from both sides: 2B = 0.10.
To find B, divide both sides by 2: B = 0.10 / 2 = 0.05.","The ball costs $0.05.
So, the answer is $\boxed{0.05}$.
<|endoftext|>",2,23,55,False,"The ball costs $0.05.
So, the answer is $\boxed{0.05}$.",0.05,-3.0029008865356444,-3.172237777709961,-0.1693368911743165,,
bat_ball,"If a bat and a ball cost $1.10 in total, and the bat costs $1.00 more than the ball, how much does the ball cost?",$0.05,$0.05,20,341,14,14,251,"Okay, let's see.
The problem says a bat and a ball cost $1.10 in total, and the bat is $1.00 more than the ball.
I need to find out how much the ball costs.
Hmm, let me start by assigning variables.
Let me call the cost of the ball ""B"" and the cost of the bat ""T"".
So, according to the problem, T + B = 1.10 (since they cost $1.10 total).
Also, T is $1.00 more than B, so T = B + 1.00.
Now, I can substitute the second equation into the first.
Since T is B + 1, replacing T in the total cost equation gives (B + 1) + B = 1.10.
Let me simplify that.
Adding the B terms together: 2B + 1 = 1.10.
Then subtract 1 from both sides: 2B = 0.10.
To find B, divide both sides by 2: B = 0.10 / 2 = 0.05.
So the ball costs $0.05.","The ball costs $0.05.
<|endoftext|>",1,9,21,False,The ball costs $0.05.,The ball costs $0.05,-3.0029008865356444,-3.24652099609375,-0.24362010955810565,,
bat_ball,"If a bat and a ball cost $1.10 in total, and the bat costs $1.00 more than the ball, how much does the ball cost?",$0.05,$0.05,20,341,15,15,261,"Okay, let's see.
The problem says a bat and a ball cost $1.10 in total, and the bat is $1.00 more than the ball.
I need to find out how much the ball costs.
Hmm, let me start by assigning variables.
Let me call the cost of the ball ""B"" and the cost of the bat ""T"".
So, according to the problem, T + B = 1.10 (since they cost $1.10 total).
Also, T is $1.00 more than B, so T = B + 1.00.
Now, I can substitute the second equation into the first.
Since T is B + 1, replacing T in the total cost equation gives (B + 1) + B = 1.10.
Let me simplify that.
Adding the B terms together: 2B + 1 = 1.10.
Then subtract 1 from both sides: 2B = 0.10.
To find B, divide both sides by 2: B = 0.10 / 2 = 0.05.
So the ball costs $0.05.
Wait, let me check if that makes sense.","The ball costs $0.05.
So, in boxed form, it would be \boxed{0.05}.
</think>

To solve the problem, let's define the cost of the ball as $ B $ and the cost of the bat as $ T $. According to the problem:

1. The total cost of the bat and the ball is $1.10.
2. The bat costs $1.00 more than the ball.

This gives us two equations:

- $ T + B = 1.10 $
- $ T = B + 1.00 $

Substituting the second equation into the first:

$$
(B + 1.00) + B = 1.10
$$

Simplifying:

$$
2B + 1.00 = 1.10
$$

Subtracting 1.00 from both sides:

$$
2B = 0.10
$$

Dividing both sides by 2:

$$
B = 0.05
$$

Thus, the ball costs $0.05.

$$
\boxed{0.05}
$$<|im_end|>",7,216,550,False,"To solve the problem, let's define the cost of the ball as $ B $ and the cost of the bat as $ T $. According to the problem:

1. The total cost of the bat and the ball is $1.10.
2. The bat costs $1.00 more than the ball.

This gives us two equations:

- $ T + B = 1.10 $
- $ T = B + 1.00 $

Substituting the second equation into the first:

$$
(B + 1.00) + B = 1.10
$$

Simplifying:

$$
2B + 1.00 = 1.10
$$

Subtracting 1.00 from both sides:

$$
2B = 0.10
$$

Dividing both sides by 2:

$$
B = 0.05
$$

Thus, the ball costs $0.05.

$$
\boxed{0.05}
$$",0.05,-3.0029008865356444,-3.331264114379883,-0.32836322784423855,,
bat_ball,"If a bat and a ball cost $1.10 in total, and the bat costs $1.00 more than the ball, how much does the ball cost?",$0.05,$0.05,20,341,16,16,282,"Okay, let's see.
The problem says a bat and a ball cost $1.10 in total, and the bat is $1.00 more than the ball.
I need to find out how much the ball costs.
Hmm, let me start by assigning variables.
Let me call the cost of the ball ""B"" and the cost of the bat ""T"".
So, according to the problem, T + B = 1.10 (since they cost $1.10 total).
Also, T is $1.00 more than B, so T = B + 1.00.
Now, I can substitute the second equation into the first.
Since T is B + 1, replacing T in the total cost equation gives (B + 1) + B = 1.10.
Let me simplify that.
Adding the B terms together: 2B + 1 = 1.10.
Then subtract 1 from both sides: 2B = 0.10.
To find B, divide both sides by 2: B = 0.10 / 2 = 0.05.
So the ball costs $0.05.
Wait, let me check if that makes sense.
If the ball is $0.05, then the bat would be $1.05.","The ball costs $\boxed{0.05}$ dollars.
<|endoftext|>",1,13,38,False,The ball costs $\boxed{0.05}$ dollars.,0.05,-3.0029008865356444,-3.1518625259399413,-0.14896163940429696,,
bat_ball,"If a bat and a ball cost $1.10 in total, and the bat costs $1.00 more than the ball, how much does the ball cost?",$0.05,$0.05,20,341,17,17,309,"Okay, let's see.
The problem says a bat and a ball cost $1.10 in total, and the bat is $1.00 more than the ball.
I need to find out how much the ball costs.
Hmm, let me start by assigning variables.
Let me call the cost of the ball ""B"" and the cost of the bat ""T"".
So, according to the problem, T + B = 1.10 (since they cost $1.10 total).
Also, T is $1.00 more than B, so T = B + 1.00.
Now, I can substitute the second equation into the first.
Since T is B + 1, replacing T in the total cost equation gives (B + 1) + B = 1.10.
Let me simplify that.
Adding the B terms together: 2B + 1 = 1.10.
Then subtract 1 from both sides: 2B = 0.10.
To find B, divide both sides by 2: B = 0.10 / 2 = 0.05.
So the ball costs $0.05.
Wait, let me check if that makes sense.
If the ball is $0.05, then the bat would be $1.05.
Adding them together: 0.05 + 1.05 = 1.10, which matches the total.","The ball costs $\boxed{0.05}$ dollars.
<|endoftext|>",1,13,38,False,The ball costs $\boxed{0.05}$ dollars.,0.05,-3.0029008865356444,-3.248263931274414,-0.2453630447387698,,
bat_ball,"If a bat and a ball cost $1.10 in total, and the bat costs $1.00 more than the ball, how much does the ball cost?",$0.05,$0.05,20,341,18,18,324,"Okay, let's see.
The problem says a bat and a ball cost $1.10 in total, and the bat is $1.00 more than the ball.
I need to find out how much the ball costs.
Hmm, let me start by assigning variables.
Let me call the cost of the ball ""B"" and the cost of the bat ""T"".
So, according to the problem, T + B = 1.10 (since they cost $1.10 total).
Also, T is $1.00 more than B, so T = B + 1.00.
Now, I can substitute the second equation into the first.
Since T is B + 1, replacing T in the total cost equation gives (B + 1) + B = 1.10.
Let me simplify that.
Adding the B terms together: 2B + 1 = 1.10.
Then subtract 1 from both sides: 2B = 0.10.
To find B, divide both sides by 2: B = 0.10 / 2 = 0.05.
So the ball costs $0.05.
Wait, let me check if that makes sense.
If the ball is $0.05, then the bat would be $1.05.
Adding them together: 0.05 + 1.05 = 1.10, which matches the total.
And the bat is indeed $1.00 more than the ball.","The ball costs $\boxed{0.05}$ dollars.
<|endoftext|>",1,13,38,False,The ball costs $\boxed{0.05}$ dollars.,0.05,-3.0029008865356444,-3.3787376403808596,-0.3758367538452152,,
bat_ball,"If a bat and a ball cost $1.10 in total, and the bat costs $1.00 more than the ball, how much does the ball cost?",$0.05,$0.05,20,341,19,19,330,"Okay, let's see.
The problem says a bat and a ball cost $1.10 in total, and the bat is $1.00 more than the ball.
I need to find out how much the ball costs.
Hmm, let me start by assigning variables.
Let me call the cost of the ball ""B"" and the cost of the bat ""T"".
So, according to the problem, T + B = 1.10 (since they cost $1.10 total).
Also, T is $1.00 more than B, so T = B + 1.00.
Now, I can substitute the second equation into the first.
Since T is B + 1, replacing T in the total cost equation gives (B + 1) + B = 1.10.
Let me simplify that.
Adding the B terms together: 2B + 1 = 1.10.
Then subtract 1 from both sides: 2B = 0.10.
To find B, divide both sides by 2: B = 0.10 / 2 = 0.05.
So the ball costs $0.05.
Wait, let me check if that makes sense.
If the ball is $0.05, then the bat would be $1.05.
Adding them together: 0.05 + 1.05 = 1.10, which matches the total.
And the bat is indeed $1.00 more than the ball.
Yep, that checks out.","The ball costs $\boxed{0.05}$ dollars.
<|endoftext|>",1,13,38,False,The ball costs $\boxed{0.05}$ dollars.,0.05,-3.0029008865356444,-3.4665775299072266,-0.4636766433715822,,
bat_ball,"If a bat and a ball cost $1.10 in total, and the bat costs $1.00 more than the ball, how much does the ball cost?",$0.05,$0.05,20,341,20,20,341,"Okay, let's see.
The problem says a bat and a ball cost $1.10 in total, and the bat is $1.00 more than the ball.
I need to find out how much the ball costs.
Hmm, let me start by assigning variables.
Let me call the cost of the ball ""B"" and the cost of the bat ""T"".
So, according to the problem, T + B = 1.10 (since they cost $1.10 total).
Also, T is $1.00 more than B, so T = B + 1.00.
Now, I can substitute the second equation into the first.
Since T is B + 1, replacing T in the total cost equation gives (B + 1) + B = 1.10.
Let me simplify that.
Adding the B terms together: 2B + 1 = 1.10.
Then subtract 1 from both sides: 2B = 0.10.
To find B, divide both sides by 2: B = 0.10 / 2 = 0.05.
So the ball costs $0.05.
Wait, let me check if that makes sense.
If the ball is $0.05, then the bat would be $1.05.
Adding them together: 0.05 + 1.05 = 1.10, which matches the total.
And the bat is indeed $1.00 more than the ball.
Yep, that checks out.
So the answer should be $0.05.","The ball costs $\boxed{0.05}$ dollars.
<|endoftext|>",1,13,38,False,The ball costs $\boxed{0.05}$ dollars.,0.05,-3.0029008865356444,-3.371936798095703,-0.36903591156005877,,
